<?xml version="1.0" encoding="utf-8"?><!DOCTYPE nta PUBLIC '-//Uppaal Team//DTD Flat System 1.1//EN' 'http://www.it.uu.se/research/group/darts/uppaal/flat-1_1.dtd'><nta><declaration>// Place global declarations here.
clock time;

const int option = 4;
const int val = 20;

chan again, signin, next1, next2, av1, av2, av3, av4, view1, view2, purchase1, purchase2, check1, recharge, type1, type2, type3, type4, type5;
chan pay1, pay2, pay3, pay4, pay5, end1, end2, end3, end4, end5, update, save, print, delete, newtrans, view, credit, interac;
chan approved, declined, check; 

//int[1,4] xyz;</declaration><template><name>TVM_Server</name><parameter>int[1,4] option</parameter><declaration>clock wait;

int[0,1] valid;</declaration><location id="id0" x="-7488" y="-120"><name x="-7498" y="-150">TransactionIncomplete</name></location><location id="id1" x="-8696" y="232"><name x="-8688" y="208">Error</name></location><location id="id2" x="-7624" y="304"><name x="-7632" y="272">ClearHistory</name></location><location id="id3" x="-7624" y="256"><name x="-7632" y="224">PrintHistory</name></location><location id="id4" x="-7440" y="56"><name x="-7448" y="24">EmailReceipt</name></location><location id="id5" x="-7584" y="96"><name x="-7616" y="112">CreditorDebit</name></location><location id="id6" x="-7584" y="-16"><name x="-7592" y="-48">Interac</name></location><location id="id7" x="-7744" y="40"><name x="-7736" y="8">Payment</name></location><location id="id8" x="-7880" y="120"><name x="-7888" y="88">DailyTicket</name></location><location id="id9" x="-7880" y="184"><name x="-7888" y="152">WeeklyTicket</name></location><location id="id10" x="-7880" y="40"><name x="-7888" y="8">OneWayTicket</name></location><location id="id11" x="-7840" y="-24"><name x="-7848" y="-56">YearlyPass</name></location><location id="id12" x="-7840" y="-120"><name x="-7848" y="-152">MonthlyPass</name></location><location id="id13" x="-8040" y="-64"><name x="-8048" y="-96">Recharge</name></location><location id="id14" x="-7288" y="56"><name x="-7280" y="24">Logout</name></location><location id="id15" x="-7824" y="-200"><name x="-7816" y="-232">Save</name></location><location id="id16" x="-8000" y="-200"><name x="-8008" y="-232">Update</name></location><location id="id17" x="-8584" y="104"><name x="-8632" y="120">PhoneNumber</name></location><location id="id18" x="-8584" y="8"><name x="-8592" y="-24">EmailID</name></location><location id="id19" x="-8784" y="56"><name x="-8800" y="16">SignUp</name></location><location id="id20" x="-8688" y="56"><name x="-8672" y="8">SignIn</name></location><location id="id21" x="-8224" y="280"><name x="-8232" y="248">ViewTransactionHistory</name></location><location id="id22" x="-8224" y="120"><name x="-8232" y="88">PurchaseTicket</name></location><location id="id23" x="-8224" y="-64"><name x="-8256" y="-96">PurchaseOPUScard</name></location><location id="id24" x="-8224" y="-200"><name x="-8264" y="-232">ViewProfile</name></location><location id="id25" x="-8472" y="56"><name x="-8472" y="24">Authentication</name><committed/></location><init ref="id19"/><transition><source ref="id0"/><target ref="id14"/><label kind="synchronisation" x="-7384" y="-112">end2?</label><nail x="-7336" y="-120"/><nail x="-7336" y="40"/></transition><transition><source ref="id5"/><target ref="id0"/><label kind="guard" x="-7480" y="-24">time&gt;=val</label><label kind="synchronisation" x="-7480" y="-40">declined?</label><nail x="-7576" y="104"/><nail x="-7488" y="104"/><nail x="-7488" y="-96"/></transition><transition><source ref="id6"/><target ref="id0"/><label kind="guard" x="-7592" y="-120">time&gt;=val</label><label kind="synchronisation" x="-7592" y="-144">declined?</label><nail x="-7608" y="-32"/><nail x="-7608" y="-120"/></transition><transition><source ref="id17"/><target ref="id25"/><label kind="synchronisation" x="-8528" y="112">av4?</label><label kind="assignment" x="-8536" y="128">valid = 0</label><nail x="-8576" y="112"/><nail x="-8568" y="112"/><nail x="-8480" y="112"/><nail x="-8480" y="72"/></transition><transition><source ref="id18"/><target ref="id25"/><label kind="synchronisation" x="-8528" y="-24">av1?</label><label kind="assignment" x="-8536" y="-40">valid = 0</label><nail x="-8576" y="0"/><nail x="-8480" y="0"/><nail x="-8480" y="40"/></transition><transition><source ref="id1"/><target ref="id20"/><label kind="synchronisation" x="-8744" y="128">again?</label><nail x="-8696" y="72"/></transition><transition><source ref="id25"/><target ref="id1"/><label kind="guard" x="-8608" y="208">valid == 0</label><label kind="synchronisation" x="-8528" y="208">check1?</label><nail x="-8472" y="224"/><nail x="-8480" y="232"/><nail x="-8528" y="232"/></transition><transition><source ref="id15"/><target ref="id24"/><label kind="guard" x="-7944" y="-184">option &gt; 2</label><label kind="synchronisation" x="-7872" y="-184">view?</label><nail x="-7824" y="-160"/><nail x="-8224" y="-160"/></transition><transition><source ref="id25"/><target ref="id21"/><label kind="guard" x="-8376" y="184">option &gt; 1 &amp;&amp; valid == 1</label><label kind="synchronisation" x="-8376" y="200">view2?</label><nail x="-8464" y="64"/><nail x="-8464" y="64"/><nail x="-8456" y="64"/><nail x="-8384" y="64"/><nail x="-8384" y="104"/><nail x="-8384" y="112"/><nail x="-8384" y="280"/></transition><transition><source ref="id25"/><target ref="id22"/><label kind="guard" x="-8296" y="56">option &gt; 2 &amp;&amp; valid == 1</label><label kind="synchronisation" x="-8296" y="72">purchase2?</label><nail x="-8400" y="56"/><nail x="-8296" y="56"/><nail x="-8296" y="120"/><nail x="-8280" y="120"/></transition><transition><source ref="id25"/><target ref="id23"/><label kind="guard" x="-8296" y="-40">option &gt; 1 &amp;&amp; valid == 1</label><label kind="synchronisation" x="-8296" y="-24">purchase1?</label><nail x="-8456" y="56"/><nail x="-8296" y="56"/><nail x="-8296" y="-64"/></transition><transition><source ref="id25"/><target ref="id24"/><label kind="guard" x="-8376" y="-136">option &gt; 0 &amp;&amp; valid==1</label><label kind="synchronisation" x="-8376" y="-120">view1?</label><nail x="-8464" y="48"/><nail x="-8384" y="48"/><nail x="-8384" y="-16"/><nail x="-8384" y="-200"/></transition><transition><source ref="id14"/><target ref="id20"/><label kind="synchronisation" x="-7392" y="-272">newtrans?</label><nail x="-7288" y="-40"/><nail x="-7288" y="-272"/><nail x="-8704" y="-272"/><nail x="-8704" y="-8"/><nail x="-8704" y="40"/></transition><transition><source ref="id7"/><target ref="id6"/><label kind="guard" x="-7728" y="-40">option &gt; 1</label><label kind="synchronisation" x="-7664" y="-40">interac?</label><nail x="-7736" y="32"/><nail x="-7648" y="32"/><nail x="-7648" y="-16"/></transition><transition><source ref="id7"/><target ref="id5"/><label kind="guard" x="-7720" y="96">option &gt; 2</label><label kind="synchronisation" x="-7656" y="96">credit?</label><nail x="-7736" y="48"/><nail x="-7648" y="48"/><nail x="-7648" y="96"/></transition><transition><source ref="id2"/><target ref="id14"/><label kind="synchronisation" x="-7384" y="280">end5?</label><nail x="-7288" y="304"/><nail x="-7288" y="136"/></transition><transition><source ref="id3"/><target ref="id14"/><label kind="synchronisation" x="-7384" y="224">end4?</label><nail x="-7320" y="256"/><nail x="-7320" y="80"/></transition><transition><source ref="id21"/><target ref="id2"/><label kind="guard" x="-7984" y="304">option &gt; 2</label><label kind="synchronisation" x="-7984" y="288">delete?</label><nail x="-8216" y="288"/><nail x="-7936" y="288"/><nail x="-7936" y="304"/></transition><transition><source ref="id21"/><target ref="id3"/><label kind="guard" x="-7984" y="238">option &gt; 1</label><label kind="synchronisation" x="-7984" y="253">print?</label><nail x="-8216" y="272"/><nail x="-7936" y="272"/><nail x="-7936" y="256"/></transition><transition><source ref="id15"/><target ref="id14"/><label kind="guard" x="-7456" y="-200">option &gt; 1</label><label kind="synchronisation" x="-7384" y="-200">end1?</label><nail x="-7320" y="-200"/><nail x="-7320" y="32"/></transition><transition><source ref="id4"/><target ref="id14"/><label kind="synchronisation" x="-7384" y="56">end3?</label></transition><transition><source ref="id5"/><target ref="id4"/><label kind="guard" x="-7592" y="40">time&lt;val</label><label kind="synchronisation" x="-7592" y="56">approved?</label><nail x="-7520" y="96"/><nail x="-7520" y="64"/><nail x="-7456" y="64"/></transition><transition><source ref="id6"/><target ref="id4"/><label kind="guard" x="-7592" y="-8">time&lt;val</label><label kind="synchronisation" x="-7592" y="8">approved?</label><nail x="-7520" y="-16"/><nail x="-7520" y="48"/><nail x="-7456" y="48"/></transition><transition><source ref="id9"/><target ref="id7"/><label kind="synchronisation" x="-7792" y="152">pay5?</label><nail x="-7768" y="184"/><nail x="-7744" y="184"/></transition><transition><source ref="id12"/><target ref="id7"/><label kind="synchronisation" x="-7792" y="-120">pay1?</label><nail x="-7768" y="-120"/><nail x="-7744" y="-120"/></transition><transition><source ref="id8"/><target ref="id7"/><label kind="synchronisation" x="-7816" y="96">pay4?</label><nail x="-7776" y="120"/><nail x="-7776" y="56"/></transition><transition><source ref="id10"/><target ref="id7"/><label kind="synchronisation" x="-7816" y="40">pay3?</label><nail x="-7776" y="40"/></transition><transition><source ref="id11"/><target ref="id7"/><label kind="synchronisation" x="-7816" y="-24">pay2?</label><nail x="-7776" y="-24"/><nail x="-7776" y="24"/></transition><transition><source ref="id22"/><target ref="id8"/><label kind="guard" x="-7992" y="64">option &gt; 2</label><label kind="synchronisation" x="-7968" y="80">type4?</label><nail x="-8208" y="120"/></transition><transition><source ref="id22"/><target ref="id9"/><label kind="guard" x="-7992" y="136">option &gt; 3</label><label kind="synchronisation" x="-7968" y="152">type5?</label><nail x="-8216" y="128"/><nail x="-8016" y="128"/><nail x="-8016" y="184"/></transition><transition><source ref="id22"/><target ref="id10"/><label kind="guard" x="-7992" y="-8">option &gt; 1</label><label kind="synchronisation" x="-7968" y="8">type3?</label><nail x="-8216" y="112"/><nail x="-8200" y="112"/><nail x="-8016" y="112"/><nail x="-8016" y="40"/></transition><transition><source ref="id13"/><target ref="id11"/><label kind="guard" x="-7920" y="-48">option &gt; 2</label><label kind="synchronisation" x="-7920" y="-64">type2?</label><nail x="-8032" y="-56"/><nail x="-7936" y="-56"/><nail x="-7936" y="-24"/></transition><transition><source ref="id13"/><target ref="id12"/><label kind="guard" x="-7920" y="-104">option &gt; 1</label><label kind="synchronisation" x="-7920" y="-120">type1?</label><nail x="-8032" y="-72"/><nail x="-7936" y="-72"/><nail x="-7936" y="-120"/></transition><transition><source ref="id23"/><target ref="id13"/><label kind="guard" x="-8128" y="-104">option &gt; 0</label><label kind="synchronisation" x="-8128" y="-88">recharge?</label></transition><transition><source ref="id16"/><target ref="id15"/><label kind="synchronisation" x="-7928" y="-224">save?</label><nail x="-7944" y="-200"/></transition><transition><source ref="id24"/><target ref="id16"/><label kind="guard" x="-8184" y="-224">option &gt; 0</label><label kind="synchronisation" x="-8112" y="-224">update?</label><nail x="-8208" y="-200"/><nail x="-8040" y="-200"/><nail x="-8040" y="-200"/></transition><transition><source ref="id17"/><target ref="id25"/><label kind="synchronisation" x="-8528" y="64">av3?</label><label kind="assignment" x="-8536" y="80">valid = 1</label><nail x="-8576" y="104"/><nail x="-8552" y="104"/><nail x="-8552" y="64"/><nail x="-8488" y="64"/></transition><transition><source ref="id18"/><target ref="id25"/><label kind="synchronisation" x="-8528" y="24">av2?</label><label kind="assignment" x="-8536" y="8">valid = 1</label><nail x="-8552" y="8"/><nail x="-8552" y="48"/><nail x="-8488" y="48"/></transition><transition><source ref="id20"/><target ref="id17"/><label kind="guard" x="-8688" y="80">option &gt; 1</label><label kind="synchronisation" x="-8672" y="64">next2?</label><nail x="-8680" y="64"/><nail x="-8624" y="64"/><nail x="-8624" y="104"/></transition><transition><source ref="id20"/><target ref="id18"/><label kind="guard" x="-8688" y="-8">option &gt; 0</label><label kind="synchronisation" x="-8672" y="24">next1?</label><nail x="-8680" y="48"/><nail x="-8624" y="48"/><nail x="-8624" y="8"/></transition><transition><source ref="id19"/><target ref="id20"/><label kind="synchronisation" x="-8760" y="32">signin?</label></transition></template><template><name>Bank</name><location id="id26" x="-304" y="-96"><name x="-288" y="-120">TransactionRejected</name></location><location id="id27" x="112" y="-96"></location><location id="id28" x="112" y="-96"><name x="102" y="-126">TransactionApproved</name></location><location id="id29" x="-104" y="-96"><name x="-96" y="-120">CheckBalance</name></location><location id="id30" x="-104" y="-336"><name x="-176" y="-360">BankAuth</name></location><init ref="id30"/><transition><source ref="id27"/><target ref="id30"/></transition><transition><source ref="id28"/><target ref="id27"/></transition><transition><source ref="id26"/><target ref="id30"/></transition><transition><source ref="id29"/><target ref="id26"/><label kind="synchronisation" x="-224" y="-96">declined!</label></transition><transition><source ref="id29"/><target ref="id28"/><label kind="synchronisation" x="-32" y="-96">approved!</label></transition><transition><source ref="id30"/><target ref="id29"/></transition></template><template><name>User</name><declaration>int[0,1] valid;</declaration><location id="id31" x="-720" y="168"><name x="-712" y="144">Error</name></location><location id="id32" x="16" y="240"><name x="8" y="256">DeleteHistory</name></location><location id="id33" x="16" y="208"><name x="6" y="178">PrintHistory</name></location><location id="id34" x="712" y="-8"><name x="720" y="-32">Logout</name></location><location id="id35" x="456" y="-176"><name x="446" y="-206">TransactionIncomplete</name></location><location id="id36" x="520" y="-8"><name x="510" y="-38">EmailReceipt</name></location><location id="id37" x="368" y="56"><name x="358" y="26">CreditorDebit</name></location><location id="id38" x="368" y="-56"><name x="376" y="-80">Interac</name></location><location id="id39" x="200" y="0"><name x="208" y="-32">Payment</name></location><location id="id40" x="-88" y="144"><name x="-98" y="114">WeeklyTicket</name></location><location id="id41" x="-88" y="64"><name x="-98" y="34">DailyTicket</name></location><location id="id42" x="-88" y="-48"><name x="-98" y="-78">OneWayTicket</name></location><location id="id43" x="64" y="-120"><name x="54" y="-150">YearlyPass</name></location><location id="id44" x="64" y="-200"><name x="54" y="-230">MonthlyPass</name></location><location id="id45" x="-104" y="-152"><name x="-114" y="-182">Recharge</name></location><location id="id46" x="88" y="-296"><name x="78" y="-326">Save</name></location><location id="id47" x="-112" y="-296"><name x="-122" y="-326">Update</name></location><location id="id48" x="-320" y="224"><name x="-328" y="176">ViewTransactionHistory</name></location><location id="id49" x="-296" y="64"><name x="-306" y="34">PurchaseTicket</name></location><location id="id50" x="-296" y="-152"><name x="-306" y="-182">PurchaseOPUScard</name></location><location id="id51" x="-320" y="-296"><name x="-330" y="-326">ViewProfile</name></location><location id="id52" x="-504" y="0"><name x="-504" y="-32">Authentication</name><committed/></location><location id="id53" x="-640" y="40"><name x="-672" y="64">PhoneNumber</name></location><location id="id54" x="-640" y="-48"><name x="-656" y="-96">EmailID</name></location><location id="id55" x="-720" y="0"><name x="-728" y="-32">SignIn</name></location><location id="id56" x="-808" y="0"><name x="-824" y="-40">SignUp</name></location><init ref="id56"/><transition><source ref="id53"/><target ref="id52"/><label kind="synchronisation" x="-592" y="40">av4!</label><nail x="-624" y="64"/><nail x="-520" y="64"/><nail x="-520" y="24"/></transition><transition><source ref="id54"/><target ref="id52"/><label kind="synchronisation" x="-584" y="-96">av1!</label><nail x="-624" y="-72"/><nail x="-512" y="-72"/><nail x="-512" y="-24"/></transition><transition><source ref="id52"/><target ref="id31"/><label kind="synchronisation" x="-560" y="168">check1!</label><nail x="-504" y="160"/><nail x="-504" y="168"/></transition><transition><source ref="id31"/><target ref="id55"/><label kind="synchronisation" x="-760" y="120">again!</label></transition><transition><source ref="id34"/><target ref="id55"/><label kind="synchronisation" x="352" y="-392">newtrans!</label><nail x="712" y="-88"/><nail x="712" y="-96"/><nail x="712" y="-96"/><nail x="712" y="-360"/><nail x="696" y="-368"/><nail x="-744" y="-368"/><nail x="-744" y="-32"/></transition><transition><source ref="id46"/><target ref="id34"/><label kind="synchronisation" x="600" y="-296">end1!</label><nail x="640" y="-296"/><nail x="688" y="-296"/><nail x="688" y="-56"/><nail x="688" y="-48"/><nail x="688" y="-40"/></transition><transition><source ref="id37"/><target ref="id35"/><label kind="synchronisation" x="488" y="-72">declined!</label><nail x="368" y="80"/><nail x="480" y="80"/><nail x="480" y="-128"/></transition><transition><source ref="id38"/><target ref="id35"/><label kind="synchronisation" x="376" y="-160">declined!</label><nail x="368" y="-168"/><nail x="368" y="-176"/></transition><transition><source ref="id35"/><target ref="id34"/><label kind="synchronisation" x="600" y="-176">end2!</label><nail x="664" y="-176"/><nail x="664" y="-32"/></transition><transition><source ref="id32"/><target ref="id34"/><label kind="synchronisation" x="592" y="240">end5!</label><nail x="680" y="240"/><nail x="680" y="40"/></transition><transition><source ref="id33"/><target ref="id34"/><label kind="synchronisation" x="592" y="184">end4!</label><nail x="664" y="208"/><nail x="664" y="24"/></transition><transition><source ref="id36"/><target ref="id34"/><label kind="synchronisation" x="600" y="-32">end3!</label></transition><transition><source ref="id37"/><target ref="id36"/><label kind="synchronisation" x="368" y="8">approved!</label><nail x="448" y="56"/><nail x="448" y="8"/><nail x="504" y="8"/></transition><transition><source ref="id38"/><target ref="id36"/><label kind="synchronisation" x="368" y="-48">approved!</label><nail x="448" y="-56"/><nail x="448" y="-16"/><nail x="504" y="-16"/></transition><transition><source ref="id39"/><target ref="id37"/><label kind="synchronisation" x="296" y="72">credit!</label><nail x="208" y="8"/><nail x="280" y="8"/><nail x="280" y="56"/></transition><transition><source ref="id39"/><target ref="id38"/><label kind="synchronisation" x="288" y="-80">interac!</label><nail x="208" y="-8"/><nail x="272" y="-8"/><nail x="280" y="-8"/><nail x="280" y="-56"/></transition><transition><source ref="id48"/><target ref="id32"/><label kind="synchronisation" x="-64" y="240">delete!</label><nail x="-312" y="232"/><nail x="-208" y="232"/><nail x="-208" y="240"/></transition><transition><source ref="id48"/><target ref="id33"/><label kind="synchronisation" x="-64" y="176">print!</label><nail x="-312" y="216"/><nail x="-208" y="216"/><nail x="-208" y="208"/><nail x="-40" y="208"/></transition><transition><source ref="id40"/><target ref="id39"/><label kind="synchronisation" x="96" y="120">pay5!</label><nail x="208" y="144"/><nail x="208" y="136"/><nail x="208" y="16"/></transition><transition><source ref="id41"/><target ref="id39"/><label kind="synchronisation" x="96" y="40">pay4!</label><nail x="160" y="64"/><nail x="160" y="32"/><nail x="168" y="16"/></transition><transition><source ref="id42"/><target ref="id39"/><label kind="synchronisation" x="96" y="-8">pay3!</label><nail x="136" y="-48"/><nail x="136" y="-32"/><nail x="136" y="0"/><nail x="136" y="-16"/><nail x="136" y="0"/></transition><transition><source ref="id43"/><target ref="id39"/><label kind="synchronisation" x="96" y="-120">pay2!</label><nail x="160" y="-120"/><nail x="160" y="-24"/></transition><transition><source ref="id44"/><target ref="id39"/><label kind="synchronisation" x="96" y="-200">pay1!</label><nail x="200" y="-200"/></transition><transition><source ref="id49"/><target ref="id40"/><label kind="synchronisation" x="-168" y="120">type5!</label><nail x="-288" y="72"/><nail x="-200" y="72"/><nail x="-200" y="144"/></transition><transition><source ref="id49"/><target ref="id41"/><label kind="synchronisation" x="-168" y="40">type4!</label></transition><transition><source ref="id49"/><target ref="id42"/><label kind="synchronisation" x="-168" y="-32">type3!</label><nail x="-288" y="56"/><nail x="-200" y="56"/><nail x="-200" y="-48"/></transition><transition><source ref="id45"/><target ref="id44"/><label kind="synchronisation" x="-56" y="-208">type1!</label><nail x="-96" y="-160"/><nail x="-16" y="-160"/><nail x="-16" y="-200"/></transition><transition><source ref="id45"/><target ref="id43"/><label kind="synchronisation" x="-56" y="-128">type2!</label><nail x="-96" y="-144"/><nail x="-16" y="-144"/><nail x="-16" y="-120"/></transition><transition><source ref="id50"/><target ref="id45"/><label kind="synchronisation" x="-224" y="-152">recharge!</label></transition><transition><source ref="id46"/><target ref="id51"/><label kind="synchronisation" x="40" y="-272">view!</label><nail x="88" y="-248"/><nail x="-320" y="-248"/></transition><transition><source ref="id47"/><target ref="id46"/><label kind="synchronisation" x="-64" y="-328">save!</label></transition><transition><source ref="id51"/><target ref="id47"/><label kind="synchronisation" x="-248" y="-328">update!</label></transition><transition><source ref="id52"/><target ref="id48"/><label kind="synchronisation" x="-400" y="96">view2!</label><nail x="-496" y="8"/><nail x="-408" y="8"/><nail x="-408" y="224"/></transition><transition><source ref="id52"/><target ref="id49"/><label kind="synchronisation" x="-368" y="16">purchase2!</label><nail x="-488" y="0"/><nail x="-376" y="0"/><nail x="-376" y="64"/></transition><transition><source ref="id52"/><target ref="id50"/><label kind="synchronisation" x="-368" y="-56">purchase1!</label><nail x="-376" y="0"/><nail x="-376" y="-152"/></transition><transition><source ref="id52"/><target ref="id51"/><label kind="synchronisation" x="-400" y="-240">view1!</label><nail x="-496" y="-8"/><nail x="-408" y="-8"/><nail x="-408" y="-296"/></transition><transition><source ref="id54"/><target ref="id52"/><label kind="synchronisation" x="-592" y="-48">av2!</label><nail x="-552" y="-48"/><nail x="-552" y="-8"/><nail x="-520" y="-8"/></transition><transition><source ref="id53"/><target ref="id52"/><label kind="synchronisation" x="-592" y="16">av3!</label><nail x="-552" y="40"/><nail x="-552" y="8"/><nail x="-520" y="8"/></transition><transition><source ref="id55"/><target ref="id53"/><label kind="synchronisation" x="-720" y="32">next2!</label><nail x="-712" y="8"/><nail x="-680" y="8"/><nail x="-680" y="40"/></transition><transition><source ref="id55"/><target ref="id54"/><label kind="synchronisation" x="-728" y="-48">next1!</label><nail x="-712" y="-8"/><nail x="-680" y="-8"/><nail x="-680" y="-48"/></transition><transition><source ref="id56"/><target ref="id55"/><label kind="synchronisation" x="-784" y="-24">signin!</label></transition></template><system>// Place template instantiations here.
SYSTEM = TVM_Server(4);
//User2 = TVM(4);
//User3 = TVM(4);
//User4 = TVM(4);

USER = User();
//BANK = Bank();

// List one or more processes to be composed into a system.

system USER, SYSTEM, BANK;
</system></nta>